"year_bin","backwoods horror","folk horror","found footage","phobia","witches"
1970,10.5413105413105,9.4017094017094,0.854700854700855,49.2877492877493,6.26780626780627
1980,10.3896103896104,5.35714285714286,0.162337662337662,41.7207792207792,4.38311688311688
1990,4.68085106382979,7.87234042553191,1.06382978723404,31.063829787234,5.31914893617021
2000,13.1090487238979,8.70069605568446,2.66821345707657,42.6914153132251,3.7122969837587
2010,10.5191256830601,9.56284153005464,5.39617486338798,48.4289617486339,2.73224043715847
2020,12.5827814569536,11.9205298013245,1.98675496688742,51.6556291390729,4.63576158940397
